Date,Date Processed,Description,Amount,Foreign Spend Amount,Commission,Exchange Rate,Additional Information,Appears On Your Statement As,Address,Town/City,Postcode,Country,Reference
19/11/2025,20/11/2025,EB *HOSTED BY DOJA CAT  SAN FRANCISCO,178.97,,,,,EB *HOSTED BY DOJA CAT  SAN FRANCISCO,"155 5TH ST 7TH
FLOOR","SAN FRANCISCO
CA",94103,UNITED STATES,'AT253240003000010190532'
19/11/2025,20/11/2025,PAYPAL *PYPL PAYIN4     1800073263,13.87,,,,,PAYPAL *PYPL PAYIN4     1800073263,1 YORK STREET,"SYDNEY
NSW",2000,AUSTRALIA,'AT253240003000010175318'
17/11/2025,18/11/2025,WOOLWORTHS ONLINE BELLA BELLA VISTA,157.20,,,,,WOOLWORTHS ONLINE BELLA BELLA VISTA,1 WOOLWORTHS WAY,"BELLA VISTA
NSW",2153,AUSTRALIA,'AT253220004000010179421'
16/11/2025,17/11/2025,PAYPAL *ICH1PTYLTD      0423404705,208.95,,,,,PAYPAL *ICH1PTYLTD      0423404705,121A DONALD STREET,"BRUNSWICK
VIC",3056,AUSTRALIA,'AT253210004000010159556'
08/11/2025,09/11/2025,PAYPAL *EBAY AU         4029357733,90.00,,,,,PAYPAL *EBAY AU         4029357733,"1 SYDNEY YORK STREET
LEVEL 18","SYDNEY
NSW",2000,AUSTRALIA,'AT253130004000010159643'
08/11/2025,11/11/2025,PAYPAL *OZHAIRBEAUT     01300403035,85.60,,,,,PAYPAL *OZHAIRBEAUT     01300403035,5 7 RESOLUTION DRIVE,"CARINGBAH
NSW",2229,AUSTRALIA,'AT253150004000010164237'
07/11/2025,10/11/2025,PAYPAL *MAZTEE          4029357733,57.30,35.98 USD,1.67,,,PAYPAL *MAZTEE          4029357733,2211 NORTH FIRST STREET,USA,00000,UNITED STATES,'AT253140004000010136080'
05/11/2025,06/11/2025,PAYPAL *PYPL PAYIN4     1800073263,13.88,,,,,PAYPAL *PYPL PAYIN4     1800073263,1 YORK STREET,"SYDNEY
NSW",2000,AUSTRALIA,'AT253100003000010167802'
03/11/2025,05/11/2025,PAYPAL *BESTLESSPTY     0295613443,-10.00,,,,,PAYPAL *BESTLESSPTY     0295613443,657-673 PARRAMATTA ROAD,"LEICHHARDT
NSW",2040,AUSTRALIA,'AT253090003000010148228'
03/11/2025,05/11/2025,PAYPAL *BESTLESSPTY     0295613443,-4.00,,,,,PAYPAL *BESTLESSPTY     0295613443,657-673 PARRAMATTA ROAD,"LEICHHARDT
NSW",2040,AUSTRALIA,'AT253090003000010148006'
03/11/2025,04/11/2025,PAYPAL *BESTLESSPTY     0295613443,34.00,,,,,PAYPAL *BESTLESSPTY     0295613443,657-673 PARRAMATTA ROAD,"LEICHHARDT
NSW",2040,AUSTRALIA,'AT253080003000010144299'
02/11/2025,05/11/2025,PAYPAL *HONEYBIRDET     4029357733,178.00,,,,,PAYPAL *HONEYBIRDET     4029357733,"127 YORK STREET
LEVEL 5","SYDNEY
NSW",2000,AUSTRALIA,'AT253090003000010148239'
01/11/2025,04/11/2025,PAYPAL *UBER AU         4155184061,30.34,,,,,PAYPAL *UBER AU         4155184061,580 GEORGE ST,"SYDNEY
NSW",2000,AUSTRALIA,'AT253080003000010144993'
31/10/2025,03/11/2025,PAYPAL *UBER AU         4155184061,6.46,,,,,PAYPAL *UBER AU         4155184061,580 GEORGE ST,"SYDNEY
NSW",2000,AUSTRALIA,'AT253070004000010163110'
31/10/2025,01/11/2025,PAYPAL *UBEREATS AU     0407111111,32.95,,,,,PAYPAL *UBEREATS AU     0407111111,580 GEORGE STREET,"SYDNEY
NSW",2000,AUSTRALIA,'AT253050004000010320111'
24/10/2025,25/10/2025,BONDS                   KEW,29.78,,,,,BONDS                   KEW,115 COTHAM ROAD,"KEW
VIC",3101,AUSTRALIA,'AT252980003000010303920'
24/10/2025,25/10/2025,PAYPAL *UBER AU         4155184061,22.06,,,,,PAYPAL *UBER AU         4155184061,580 GEORGE ST,"SYDNEY
NSW",2000,AUSTRALIA,'AT252980003000010295106'
23/10/2025,26/10/2025,PAYPAL *YOUFOODZ        0736330708,45.93,,,,,PAYPAL *YOUFOODZ        0736330708,19 HASHIM PLACE,"KARAWATHA
QLD",4117,AUSTRALIA,'AT252990004000010230500'
21/10/2025,23/10/2025,PAYPAL *VAYDEER HK      4029357733,31.81,19.99 USD,0.93,,,PAYPAL *VAYDEER HK      4029357733,XXX77-87XXXXXXX5X69X,4029357733,88849,HONG KONG,'AT252960004000010268487'
21/10/2025,21/10/2025,PETSTOCK AUSTRALIA      BALLARAT,-27.40,,,,,PETSTOCK AUSTRALIA      BALLARAT,1 HUMFFRAY STREET NORTH,"BALLARAT
VIC",3350,AUSTRALIA,'AT252940003000010231621'
20/10/2025,22/10/2025,PAYPAL *YOUFOODZ        0736330708,-45.93,,,,,PAYPAL *YOUFOODZ        0736330708,19 HASHIM PLACE,"KARAWATHA
QLD",4117,AUSTRALIA,'AT252950004000010272269'
20/10/2025,20/10/2025,SP BILLY BUBBLES        FITZROY,55.00,,,,,SP BILLY BUBBLES        FITZROY,50 WEBB STREET,"FITZROY
VIC",3065,AUSTRALIA,'AT252930004000010189833'
20/10/2025,20/10/2025,WOOLWORTHS ONLINE BELLA BELLA VISTA,121.20,,,,,WOOLWORTHS ONLINE BELLA BELLA VISTA,1 WOOLWORTHS WAY,"BELLA VISTA
NSW",2153,AUSTRALIA,'AT252930010000010082208'
19/10/2025,20/10/2025,DOMAYNE ONLINE Domayne  HOMEBUSH WEST,60.00,,,,,DOMAYNE ONLINE Domayne  HOMEBUSH WEST,A1 RICHMOND ROAD,"HOMEBUSH WEST
NSW",2140,AUSTRALIA,'AT252930004000010207339'
19/10/2025,20/10/2025,TICKETS*CLOSET HOM      BELROSE,143.88,,,,,TICKETS*CLOSET HOM      BELROSE,LEVEL 1 1-5 HICKSON ROAD,"THE ROCKS
NSW",2000,AUSTRALIA,'AT252930004000010203029'
18/10/2025,20/10/2025,IHERB NETHERLANDS B.V.  SCHIPHOL,81.13,,,,,IHERB NETHERLANDS B.V.  SCHIPHOL,301 NORTH LK AVE STE 500,"PASADENA
CA",91101,UNITED STATES,'AT252930004000010200984'
16/10/2025,19/10/2025,PAYPAL *YOUFOODZ        0736330708,45.93,,,,,PAYPAL *YOUFOODZ        0736330708,19 HASHIM PLACE,"KARAWATHA
QLD",4117,AUSTRALIA,'AT252920004000010263173'
15/10/2025,16/10/2025,PAYPAL *UBER AU         4155184061,28.56,,,,,PAYPAL *UBER AU         4155184061,580 GEORGE ST,"SYDNEY
NSW",2000,AUSTRALIA,'AT252890004000010277909'
13/10/2025,14/10/2025,PAYPAL *UBER AU         4155184061,15.70,,,,,PAYPAL *UBER AU         4155184061,580 GEORGE ST,"SYDNEY
NSW",2000,AUSTRALIA,'AT252870004000010255872'
12/10/2025,13/10/2025,PAYPAL *UBER AU         4155184061,19.73,,,,,PAYPAL *UBER AU         4155184061,580 GEORGE ST,"SYDNEY
NSW",2000,AUSTRALIA,'AT252860004000010298984'
11/10/2025,12/10/2025,PAYPAL *UBER AU         4155184061,9.22,,,,,PAYPAL *UBER AU         4155184061,580 GEORGE ST,"SYDNEY
NSW",2000,AUSTRALIA,'AT252850004000010203497'
11/10/2025,12/10/2025,PAYPAL *UBER AU         4155184061,24.45,,,,,PAYPAL *UBER AU         4155184061,580 GEORGE ST,"SYDNEY
NSW",2000,AUSTRALIA,'AT252850004000010199653'
09/10/2025,12/10/2025,PAYPAL *YOUFOODZ        0736330708,9.99,,,,,PAYPAL *YOUFOODZ        0736330708,19 HASHIM PLACE,"KARAWATHA
QLD",4117,AUSTRALIA,'AT252850004000010203400'
07/10/2025,08/10/2025,PAYPAL *KMARTAUSTRA     4029357733,-0.75,,,,,PAYPAL *KMARTAUSTRA     4029357733,"690 SPRINGVALE ROAD
LEVEL 3","MULGRAVE
VIC",3170,AUSTRALIA,'AT252810003000010267036'
07/10/2025,08/10/2025,PAYPAL *UBER AU         4155184061,20.13,,,,,PAYPAL *UBER AU         4155184061,580 GEORGE ST,"SYDNEY
NSW",2000,AUSTRALIA,'AT252810003000010265810'
07/10/2025,09/10/2025,PAYPAL *UBER AU         4155184061,26.77,,,,,PAYPAL *UBER AU         4155184061,580 GEORGE ST,"SYDNEY
NSW",2000,AUSTRALIA,'AT252820004000010167817'
06/10/2025,07/10/2025,PAYPAL *KMARTAUSTRA     4029357733,107.25,,,,,PAYPAL *KMARTAUSTRA     4029357733,"690 SPRINGVALE ROAD
LEVEL 3","MULGRAVE
VIC",3170,AUSTRALIA,'AT252800004000010237528'
06/10/2025,07/10/2025,PAYPAL *RCH RCH-ADAMEVE 08552206638,31.90,,,,,PAYPAL *RCH RCH-ADAMEVE 08552206638,"139 SANDGATE ROAD ALBION BRIS
UNIT 5A","ALBION
QLD",4010,AUSTRALIA,'AT252800004000010237603'
06/10/2025,07/10/2025,PAYPAL *UBEREATS AU     0407111111,26.02,,,,,PAYPAL *UBEREATS AU     0407111111,580 GEORGE STREET,"SYDNEY
NSW",2000,AUSTRALIA,'AT252800004000010236240'
03/10/2025,04/10/2025,PAYPAL *UBER AU         4155184061,10.00,,,,,PAYPAL *UBER AU         4155184061,580 GEORGE ST,"SYDNEY
NSW",2000,AUSTRALIA,'AT252770004000010296938'
03/10/2025,04/10/2025,PAYPAL *UBER AU         4155184061,11.44,,,,,PAYPAL *UBER AU         4155184061,580 GEORGE ST,"SYDNEY
NSW",2000,AUSTRALIA,'AT252770004000010296408'
03/10/2025,04/10/2025,PAYPAL *UBER AU         4155184061,14.71,,,,,PAYPAL *UBER AU         4155184061,580 GEORGE ST,"SYDNEY
NSW",2000,AUSTRALIA,'AT252770004000010295544'
03/10/2025,04/10/2025,PAYPAL *UBER AU         4155184061,16.92,,,,,PAYPAL *UBER AU         4155184061,580 GEORGE ST,"SYDNEY
NSW",2000,AUSTRALIA,'AT252770004000010296907'
03/10/2025,05/10/2025,PAYPAL *UBER AU         4155184061,20.68,,,,,PAYPAL *UBER AU         4155184061,580 GEORGE ST,"SYDNEY
NSW",2000,AUSTRALIA,'AT252780004000010324265'
03/10/2025,05/10/2025,PAYPAL *UBEREATS AU     0407111111,36.64,,,,,PAYPAL *UBEREATS AU     0407111111,580 GEORGE STREET,"SYDNEY
NSW",2000,AUSTRALIA,'AT252780004000010324249'
02/10/2025,04/10/2025,PAYPAL *UBER AU         4155184061,18.94,,,,,PAYPAL *UBER AU         4155184061,580 GEORGE ST,"SYDNEY
NSW",2000,AUSTRALIA,'AT252770004000010294003'
01/10/2025,03/10/2025,PAYPAL *UBER AU         4155184061,2.71,,,,,PAYPAL *UBER AU         4155184061,580 GEORGE ST,"SYDNEY
NSW",2000,AUSTRALIA,'AT252760004000010269909'
30/09/2025,02/10/2025,PAYPAL *VAYDEER HK      4029357733,31.32,19.99 USD,0.91,,,PAYPAL *VAYDEER HK      4029357733,XXX77-87XXXXXXX5X69X,4029357733,88849,HONG KONG,'AT252750004000010316439'
26/09/2025,27/09/2025,DIDIMOBILITY            AUSTRALIA,11.63,,,,,DIDIMOBILITY            AUSTRALIA,"120 SPENCER STREET
LEVEL 21","MELBOURNE
VIC",3000,AUSTRALIA,'AT252700003000010300864'
25/09/2025,26/09/2025,DIDIMOBILITY            AUSTRALIA,28.27,,,,,DIDIMOBILITY            AUSTRALIA,"120 SPENCER STREET
LEVEL 21","MELBOURNE
VIC",3000,AUSTRALIA,'AT252690004000010318767'
24/09/2025,25/09/2025,AMAZON AU               SYDNEY SOUTH,8.28,,,,,AMAZON AU               SYDNEY SOUTH,"2 PARK STREET
LEVEL 37","SYDNEY
NSW",2000,AUSTRALIA,'AT252680004000010292531'
24/09/2025,25/09/2025,FIRST TABLE             WADALBA,10.00,,,,,FIRST TABLE             WADALBA,5 QUARTERHORSE PARADE,"WADALBA
NSW",2259,AUSTRALIA,'AT252680004000010290822'
23/09/2025,24/09/2025,WOOLWORTHS ONLINE 8843  BELLA VISTA,-4.80,,,,,WOOLWORTHS ONLINE 8843  BELLA VISTA,1 WOOLWORTHS WAY,"BELLA VISTA
NSW",2153,AUSTRALIA,'AT252670003000010255830'
22/09/2025,23/09/2025,DIDIMOBILITY            AUSTRALIA,46.74,,,,,DIDIMOBILITY            AUSTRALIA,"120 SPENCER STREET
LEVEL 21","MELBOURNE
VIC",3000,AUSTRALIA,'AT252660003000010263059'
22/09/2025,24/09/2025,WOOLWORTHS ONLINE 8843  BELLA VISTA,215.51,,,,,WOOLWORTHS ONLINE 8843  BELLA VISTA,1 WOOLWORTHS WAY,"BELLA VISTA
NSW",2153,AUSTRALIA,'AT252670003000010255795'
21/09/2025,22/09/2025,DIDI MOBILITY (AUSTRALI CANBERRA,21.85,,,,,DIDI MOBILITY (AUSTRALI CANBERRA,"120 SPENCER STREET
LEVEL 21","MELBOURNE
ACT",3000,AUSTRALIA,'AT252650004000010259984'
21/09/2025,22/09/2025,DIDIMOBILITY            AUSTRALIA,18.84,,,,,DIDIMOBILITY            AUSTRALIA,"120 SPENCER STREET
LEVEL 21","MELBOURNE
VIC",3000,AUSTRALIA,'AT252650004000010260226'
21/09/2025,22/09/2025,DIDIMOBILITY            AUSTRALIA,19.91,,,,,DIDIMOBILITY            AUSTRALIA,"120 SPENCER STREET
LEVEL 21","MELBOURNE
VIC",3000,AUSTRALIA,'AT252650004000010260130'
17/09/2025,17/09/2025,PETSTOCK AUSTRALIA      BALLARAT,27.40,,,,,PETSTOCK AUSTRALIA      BALLARAT,1 HUMFFRAY STREET NORTH,"BALLARAT
VIC",3350,AUSTRALIA,'AT252600003000010272202'
17/09/2025,17/09/2025,PETSTOCK AUSTRALIA      BALLARAT,57.47,,,,,PETSTOCK AUSTRALIA      BALLARAT,1 HUMFFRAY STREET NORTH,"BALLARAT
VIC",3350,AUSTRALIA,'AT252600003000010247395'
14/09/2025,15/09/2025,TICKETS*NECTAR SOC      BELROSE,15.37,,,,,TICKETS*NECTAR SOC      BELROSE,LEVEL 1 1-5 HICKSON ROAD,"THE ROCKS
NSW",2000,AUSTRALIA,'AT252580004000010260902'
13/09/2025,14/09/2025,DIDIMOBILITY            AUSTRALIA,14.04,,,,,DIDIMOBILITY            AUSTRALIA,"120 SPENCER STREET
LEVEL 21","MELBOURNE
VIC",3000,AUSTRALIA,'AT252570004000010342985'
13/09/2025,14/09/2025,DIDIMOBILITY            AUSTRALIA,14.09,,,,,DIDIMOBILITY            AUSTRALIA,"120 SPENCER STREET
LEVEL 21","MELBOURNE
VIC",3000,AUSTRALIA,'AT252570004000010342988'
13/09/2025,14/09/2025,DIDIMOBILITY            AUSTRALIA,14.38,,,,,DIDIMOBILITY            AUSTRALIA,"120 SPENCER STREET
LEVEL 21","MELBOURNE
VIC",3000,AUSTRALIA,'AT252570004000010342850'
13/09/2025,14/09/2025,DIDIMOBILITY            AUSTRALIA,15.27,,,,,DIDIMOBILITY            AUSTRALIA,"120 SPENCER STREET
LEVEL 21","MELBOURNE
VIC",3000,AUSTRALIA,'AT252570004000010342689'
13/09/2025,14/09/2025,DIDIMOBILITY            AUSTRALIA,22.07,,,,,DIDIMOBILITY            AUSTRALIA,"120 SPENCER STREET
LEVEL 21","MELBOURNE
VIC",3000,AUSTRALIA,'AT252570004000010343007'
12/09/2025,13/09/2025,DIDIMOBILITY            AUSTRALIA,19.88,,,,,DIDIMOBILITY            AUSTRALIA,"120 SPENCER STREET
LEVEL 21","MELBOURNE
VIC",3000,AUSTRALIA,'AT252560004000010316041'
10/09/2025,11/09/2025,AIRBNB * HMBJ9B4PPX     LONDON,-166.05,,,,,AIRBNB * HMBJ9B4PPX     LONDON,LEVEL 4 60-64 RESERVOIR STREET,"""SURRY HILLS, NSW""
NSW",2010,AUSTRALIA,'AT252540004000010294599'
10/09/2025,10/09/2025,MOSHTIX PTY LTD         SYDNEY,69.27,,,,,MOSHTIX PTY LTD         SYDNEY,13 15 WENTWORTH AVENUE,"SYDNEY
NSW",2000,AUSTRALIA,'AT252530004000010281935'
10/09/2025,12/09/2025,PAYPAL *KMARTAUSTRA     4029357733,-19.00,,,,,PAYPAL *KMARTAUSTRA     4029357733,"690 SPRINGVALE ROAD
LEVEL 3","MULGRAVE
VIC",3170,AUSTRALIA,'AT252550004000010277118'
10/09/2025,11/09/2025,TOWNFOLKFESTIVAL        CASTLEMAINE,136.73,,,,,TOWNFOLKFESTIVAL        CASTLEMAINE,21 WALKER STREET,"CASTLEMAINE
VIC",3450,AUSTRALIA,'AT252540004000010296812'
01/09/2025,03/09/2025,PAYPAL *BYS ONLINE      0395514666,52.50,,,,,PAYPAL *BYS ONLINE      0395514666,"61 SUNMORE
CLOSE","HEATHERTON
VIC",3202,AUSTRALIA,'AT252460004000010270115'
31/08/2025,01/09/2025,PAYPAL *UBER AU         4155184061,19.98,,,,,PAYPAL *UBER AU         4155184061,580 GEORGE ST,"SYDNEY
NSW",2000,AUSTRALIA,'AT252440003000010287172'
31/08/2025,02/09/2025,PAYPAL *UBEREATS AU     0407111111,17.43,,,,,PAYPAL *UBEREATS AU     0407111111,580 GEORGE STREET,"SYDNEY
NSW",2000,AUSTRALIA,'AT252450003000010288607'
30/08/2025,02/09/2025,PAYPAL *PRICELINEPT     01300884411,50.00,,,,,PAYPAL *PRICELINEPT     01300884411,"637 FLINDERS STREET
LEVEL 8","DOCKLANDS
VIC",3008,AUSTRALIA,'AT252450003000010295124'
30/08/2025,31/08/2025,PAYPAL *UBER AU         4155184061,21.81,,,,,PAYPAL *UBER AU         4155184061,580 GEORGE ST,"SYDNEY
NSW",2000,AUSTRALIA,'AT252430004000010294918'
29/08/2025,30/08/2025,DOMINO'S ESTORE FAIRFIE FAIRFIELD,26.99,,,,,DOMINO'S ESTORE FAIRFIE FAIRFIELD,306 STATION ST,"FAIRFIELD
VIC",3078,AUSTRALIA,'AT252420003000010304899'
29/08/2025,30/08/2025,PAYPAL *UBER AU         4155184061,23.51,,,,,PAYPAL *UBER AU         4155184061,580 GEORGE ST,"SYDNEY
NSW",2000,AUSTRALIA,'AT252420003000010327026'
28/08/2025,29/08/2025,PAYPAL *UBER AU         4155184061,18.03,,,,,PAYPAL *UBER AU         4155184061,580 GEORGE ST,"SYDNEY
NSW",2000,AUSTRALIA,'AT252410004000010306158'
27/08/2025,30/08/2025,PAYPAL *WOOLWORTHSL     01800000610,55.25,,,,,PAYPAL *WOOLWORTHSL     01800000610,1 WOOLWORTHS WAY,"BELLA VISTA
NSW",2153,AUSTRALIA,'AT252420003000010328871'
26/08/2025,28/08/2025,PAYPAL *WOOLWORTHSL     01800000610,-7.80,,,,,PAYPAL *WOOLWORTHSL     01800000610,1 WOOLWORTHS WAY,"BELLA VISTA
NSW",2153,AUSTRALIA,'AT252400004000010263715'
26/08/2025,27/08/2025,SP GLAM BOX             MURARRIE,55.44,,,,,SP GLAM BOX             MURARRIE,U 6 225 QUEENSPORT ROAD,"MURARRIE
QLD",4172,AUSTRALIA,'AT252390004000010301518'
25/08/2025,27/08/2025,PAYPAL *KMARTAUSTRA     4029357733,-15.00,,,,,PAYPAL *KMARTAUSTRA     4029357733,"690 SPRINGVALE ROAD
LEVEL 3","MULGRAVE
VIC",3170,AUSTRALIA,'AT252390004000010272900'
25/08/2025,27/08/2025,PAYPAL *KMARTAUSTRA     4029357733,34.00,,,,,PAYPAL *KMARTAUSTRA     4029357733,"690 SPRINGVALE ROAD
LEVEL 3","MULGRAVE
VIC",3170,AUSTRALIA,'AT252390004000010278311'
25/08/2025,28/08/2025,PAYPAL *WOOLWORTHSL     01800000610,215.30,,,,,PAYPAL *WOOLWORTHSL     01800000610,1 WOOLWORTHS WAY,"BELLA VISTA
NSW",2153,AUSTRALIA,'AT252400004000010263962'
24/08/2025,26/08/2025,PAYPAL *UBER AU         4155184061,10.76,,,,,PAYPAL *UBER AU         4155184061,580 GEORGE ST,"SYDNEY
NSW",2000,AUSTRALIA,'AT252380004000010282259'
24/08/2025,27/08/2025,PAYPAL *WWCC SERVIC     0416400806,102.50,,,,,PAYPAL *WWCC SERVIC     0416400806,1 MCNAB AVENUE,"FOOTSCRAY
VIC",3011,AUSTRALIA,'AT252390004000010313167'
23/08/2025,26/08/2025,PAYPAL *UBEREATS AU     0407111111,21.11,,,,,PAYPAL *UBEREATS AU     0407111111,580 GEORGE STREET,"SYDNEY
NSW",2000,AUSTRALIA,'AT252380004000010282194'
22/08/2025,26/08/2025,PAYPAL *UBER AU         4155184061,17.34,,,,,PAYPAL *UBER AU         4155184061,580 GEORGE ST,"SYDNEY
NSW",2000,AUSTRALIA,'AT252380004000010285472'
22/08/2025,26/08/2025,PAYPAL *UBER AU         4155184061,18.51,,,,,PAYPAL *UBER AU         4155184061,580 GEORGE ST,"SYDNEY
NSW",2000,AUSTRALIA,'AT252380004000010286742'
22/08/2025,26/08/2025,PAYPAL *UBER AU         4155184061,19.57,,,,,PAYPAL *UBER AU         4155184061,580 GEORGE ST,"SYDNEY
NSW",2000,AUSTRALIA,'AT252380004000010285724'
19/08/2025,21/08/2025,PAYPAL *UBER AU         4155184061,19.67,,,,,PAYPAL *UBER AU         4155184061,580 GEORGE ST,"SYDNEY
NSW",2000,AUSTRALIA,'AT252330003000010269003'
08/08/2025,09/08/2025,PAYPAL *PYPL PAYIN4     1800073263,5.48,,,,,PAYPAL *PYPL PAYIN4     1800073263,1 YORK STREET,"SYDNEY
NSW",2000,AUSTRALIA,'AT252210004000010310786'
08/08/2025,09/08/2025,PAYPAL *VIATOR-TRIP IT- 8886519785,126.53,80.00 USD,3.69,,,PAYPAL *VIATOR-TRIP IT- 8886519785,2211 NORTH FIRST ST,"SAN JOSE
CA",95131,UNITED STATES,'AT252210009000010027136'
07/08/2025,09/08/2025,PAYPAL *PYPL PAYIN4     1800073263,22.74,,,,,PAYPAL *PYPL PAYIN4     1800073263,1 YORK STREET,"SYDNEY
NSW",2000,AUSTRALIA,'AT252210004000010333480'
05/08/2025,06/08/2025,PAYPAL *NOMAD ESIM      4372233004,6.98,,,,,PAYPAL *NOMAD ESIM      4372233004,GLOBAL,4372233004,95054,UNITED STATES OF AMERICA (THE),'AT252180004000010282380'
01/08/2025,02/08/2025,TANGERINE TELECOM 80389 LEVEL 6 132-136,29.29,,,,,TANGERINE TELECOM 80389 LEVEL 6 132-136,"LEVEL 6
132-136 ALBERT RD","SOUTH MELBOURNE
VIC",3205,AUSTRALIA,'AT252140004000010299371'
30/07/2025,30/07/2025,AMAZON AU               SYDNEY SOUTH,-4.14,,,,,AMAZON AU               SYDNEY SOUTH,"2 PARK STREET
LEVEL 37","SYDNEY
NSW",2000,AUSTRALIA,'AT252110004000010276489'
25/07/2025,26/07/2025,NATIONAL TRUST AUS VIC  EAST MELBOURNE,137.00,,,,,NATIONAL TRUST AUS VIC  EAST MELBOURNE,6 PARLIAMENT PLACE,"EAST MELBOURNE
VIC",3002,AUSTRALIA,'AT252070003000010312770'
25/07/2025,26/07/2025,PAYPAL *PYPL PAYIN4     1800073263,5.47,,,,,PAYPAL *PYPL PAYIN4     1800073263,1 YORK STREET,"SYDNEY
NSW",2000,AUSTRALIA,'AT252070003000010335666'
24/07/2025,26/07/2025,PAYPAL *EBAY AU         4029357733,-11.99,,,,,PAYPAL *EBAY AU         4029357733,"1 SYDNEY YORK STREET
LEVEL 18","SYDNEY
NSW",2000,AUSTRALIA,'AT252070003000010335171'
24/07/2025,25/07/2025,PAYPAL *PYPL PAYIN4     1800073263,22.75,,,,,PAYPAL *PYPL PAYIN4     1800073263,1 YORK STREET,"SYDNEY
NSW",2000,AUSTRALIA,'AT252060004000010280752'
23/07/2025,24/07/2025,SP LOVISA AUSTRALIA     HAWTHORN,160.98,,,,,SP LOVISA AUSTRALIA     HAWTHORN,818 GLENFERRIE ROAD,"HAWTHORN
VIC",3122,AUSTRALIA,'AT252050004000010257077'
22/07/2025,23/07/2025,WOOLWORTHS ONLINE 8843  BELLA VISTA,171.65,,,,,WOOLWORTHS ONLINE 8843  BELLA VISTA,1 WOOLWORTHS WAY,"BELLA VISTA
NSW",2153,AUSTRALIA,'AT252040019000010266628'
20/07/2025,21/07/2025,PAYPAL *EBAY AU         4029357733,-6.99,,,,,PAYPAL *EBAY AU         4029357733,"1 SYDNEY YORK STREET
LEVEL 18","SYDNEY
NSW",2000,AUSTRALIA,'AT252020004000010312810'
20/07/2025,22/07/2025,PAYPAL *EBAY AU         4029357733,-6.50,,,,,PAYPAL *EBAY AU         4029357733,"1 SYDNEY YORK STREET
LEVEL 18","SYDNEY
NSW",2000,AUSTRALIA,'AT252030004000010282260'
20/07/2025,22/07/2025,PAYPAL *EBAY AU         4029357733,-4.95,,,,,PAYPAL *EBAY AU         4029357733,"1 SYDNEY YORK STREET
LEVEL 18","SYDNEY
NSW",2000,AUSTRALIA,'AT252030004000010282259'
19/07/2025,20/07/2025,AIRBNB * HMBJ9B4PPX     LONDON,166.05,,,,,AIRBNB * HMBJ9B4PPX     LONDON,LEVEL 4 60-64 RESERVOIR STREET,"""SURRY HILLS, NSW""
NSW",2010,AUSTRALIA,'AT252010003000010314414'
19/07/2025,21/07/2025,PAYPAL *EBAY AU         4029357733,-7.48,,,,,PAYPAL *EBAY AU         4029357733,"1 SYDNEY YORK STREET
LEVEL 18","SYDNEY
NSW",2000,AUSTRALIA,'AT252020004000010312737'
18/07/2025,19/07/2025,PAYPAL *PYPL PAYIN4     1800073263,4.75,,,,,PAYPAL *PYPL PAYIN4     1800073263,1 YORK STREET,"SYDNEY
NSW",2000,AUSTRALIA,'AT252000003000010319250'
13/07/2025,14/07/2025,AMAZON MARKETPLACE AU   SYDNEY SOUTH,9.79,,,,,AMAZON MARKETPLACE AU   SYDNEY SOUTH,"2 PARK STREET
LEVEL 37","SYDNEY
NSW",2000,AUSTRALIA,'AT251950009000010023789'
13/07/2025,15/07/2025,AMAZON MARKETPLACE AU   SYDNEY SOUTH,36.10,,,,,AMAZON MARKETPLACE AU   SYDNEY SOUTH,"2 PARK STREET
LEVEL 37","SYDNEY
NSW",2000,AUSTRALIA,'AT251960004000010303746'
12/07/2025,13/07/2025,AMAZON MARKETPLACE AU   SYDNEY SOUTH,38.01,,,,,AMAZON MARKETPLACE AU   SYDNEY SOUTH,"2 PARK STREET
LEVEL 37","SYDNEY
NSW",2000,AUSTRALIA,'AT251940010000010024795'
12/07/2025,13/07/2025,PAYPAL *PYPL PAYIN4     1800073263,46.22,,,,,PAYPAL *PYPL PAYIN4     1800073263,1 YORK STREET,"SYDNEY
NSW",2000,AUSTRALIA,'AT251940003000010283854'
11/07/2025,12/07/2025,PAYPAL *PYPL PAYIN4     1800073263,5.47,,,,,PAYPAL *PYPL PAYIN4     1800073263,1 YORK STREET,"SYDNEY
NSW",2000,AUSTRALIA,'AT251930004000010290185'
11/07/2025,12/07/2025,WOOLWORTHS ONLINE 8843  BELLA VISTA,250.71,,,,,WOOLWORTHS ONLINE 8843  BELLA VISTA,1 WOOLWORTHS WAY,"BELLA VISTA
NSW",2153,AUSTRALIA,'AT251930004000010300435'
10/07/2025,11/07/2025,PAYPAL *PYPL PAYIN4     1800073263,22.75,,,,,PAYPAL *PYPL PAYIN4     1800073263,1 YORK STREET,"SYDNEY
NSW",2000,AUSTRALIA,'AT251920004000010281564'
09/07/2025,10/07/2025,AMAZON AU               SYDNEY SOUTH,4.14,,,,,AMAZON AU               SYDNEY SOUTH,"2 PARK STREET
LEVEL 37","SYDNEY
NSW",2000,AUSTRALIA,'AT251910004000010299854'
07/07/2025,10/07/2025,PAYPAL *SHEIN           18502539313,26.40,,,,,PAYPAL *SHEIN           18502539313,447 COLLINS ST,"MELBOURNE
VIC",3000,AUSTRALIA,'AT251910004000010303837'
04/07/2025,05/07/2025,PAYPAL *PYPL PAYIN4     1800073263,4.75,,,,,PAYPAL *PYPL PAYIN4     1800073263,1 YORK STREET,"SYDNEY
NSW",2000,AUSTRALIA,'AT251860004000010309539'
03/07/2025,04/07/2025,WOOLWORTHS ONLINE 8843  BELLA VISTA,-3.00,,,,,WOOLWORTHS ONLINE 8843  BELLA VISTA,1 WOOLWORTHS WAY,"BELLA VISTA
NSW",2153,AUSTRALIA,'AT251850004000010295000'
01/07/2025,02/07/2025,PAYPAL *PYPL PAYIN4     1800073263,17.00,,,,,PAYPAL *PYPL PAYIN4     1800073263,1 YORK STREET,"SYDNEY
NSW",2000,AUSTRALIA,'AT251830003000010304411'
01/07/2025,02/07/2025,TANGERINE TELECOM 80389 LEVEL 6 132-136,29.29,,,,,TANGERINE TELECOM 80389 LEVEL 6 132-136,"LEVEL 6
132-136 ALBERT RD","SOUTH MELBOURNE
VIC",3205,AUSTRALIA,'AT251830003000010320493'
01/07/2025,02/07/2025,WOOLWORTHS ONLINE 8843  BELLA VISTA,187.17,,,,,WOOLWORTHS ONLINE 8843  BELLA VISTA,1 WOOLWORTHS WAY,"BELLA VISTA
NSW",2153,AUSTRALIA,'AT251830003000010285524'
28/06/2025,29/06/2025,PAYPAL *PYPL PAYIN4     1800073263,46.20,,,,,PAYPAL *PYPL PAYIN4     1800073263,1 YORK STREET,"SYDNEY
NSW",2000,AUSTRALIA,'AT251800004000010302648'
27/06/2025,29/06/2025,PAYPAL *PYPL PAYIN4     1800073263,5.47,,,,,PAYPAL *PYPL PAYIN4     1800073263,1 YORK STREET,"SYDNEY
NSW",2000,AUSTRALIA,'AT251800004000010301492'
26/06/2025,28/06/2025,PAYPAL *PYPL PAYIN4     1800073263,22.75,,,,,PAYPAL *PYPL PAYIN4     1800073263,1 YORK STREET,"SYDNEY
NSW",2000,AUSTRALIA,'AT251790004000010295401'
24/06/2025,24/06/2025,AMAZON AU               SYDNEY SOUTH,4.27,,,,,AMAZON AU               SYDNEY SOUTH,"2 PARK STREET
LEVEL 37","SYDNEY
NSW",2000,AUSTRALIA,'AT251750010000010026797'
24/06/2025,25/06/2025,PAYPAL *PYPL PAYIN4     1800073263,15.00,,,,,PAYPAL *PYPL PAYIN4     1800073263,1 YORK STREET,"SYDNEY
NSW",2000,AUSTRALIA,'AT251760004000010306763'
23/06/2025,23/06/2025,AMAZON MARKETPLACE AU   SYDNEY SOUTH,8.52,,,,,AMAZON MARKETPLACE AU   SYDNEY SOUTH,"2 PARK STREET
LEVEL 37","SYDNEY
NSW",2000,AUSTRALIA,'AT251740009000010038337'
23/06/2025,23/06/2025,AMAZON MARKETPLACE AU   SYDNEY SOUTH,16.99,,,,,AMAZON MARKETPLACE AU   SYDNEY SOUTH,"2 PARK STREET
LEVEL 37","SYDNEY
NSW",2000,AUSTRALIA,'AT251740004000010262657'
22/06/2025,23/06/2025,AMAZON MARKETPLACE AU   SYDNEY SOUTH,7.89,,,,,AMAZON MARKETPLACE AU   SYDNEY SOUTH,"2 PARK STREET
LEVEL 37","SYDNEY
NSW",2000,AUSTRALIA,'AT251740004000010267232'
20/06/2025,21/06/2025,ORIGIN ENERGY           MELBOURNE,35.99,,,,,ORIGIN ENERGY           MELBOURNE,"321 EXHIBITION STREET
MELBOURNE","MELBOURNE
VIC",3000,AUSTRALIA,'AT251720003000010331216'
20/06/2025,21/06/2025,ORIGIN ENERGY           MELBOURNE,61.74,,,,,ORIGIN ENERGY           MELBOURNE,"321 EXHIBITION STREET
MELBOURNE","MELBOURNE
VIC",3000,AUSTRALIA,'AT251720003000010331210'
20/06/2025,21/06/2025,PAYPAL *PYPL PAYIN4     1800073263,4.75,,,,,PAYPAL *PYPL PAYIN4     1800073263,1 YORK STREET,"SYDNEY
NSW",2000,AUSTRALIA,'AT251720003000010295889'
17/06/2025,18/06/2025,PAYPAL *PYPL PAYIN4     1800073263,17.00,,,,,PAYPAL *PYPL PAYIN4     1800073263,1 YORK STREET,"SYDNEY
NSW",2000,AUSTRALIA,'AT251690004000010265890'
16/06/2025,17/06/2025,AMAZON MARKETPLACE AU   SYDNEY SOUTH,-21.39,,,,,AMAZON MARKETPLACE AU   SYDNEY SOUTH,"2 PARK STREET
LEVEL 37","SYDNEY
NSW",2000,AUSTRALIA,'AT251680003000010283080'
15/06/2025,17/06/2025,PAYPAL *ADOREBEAUTY     0393441671,7.59,,,,,PAYPAL *ADOREBEAUTY     0393441671,20 WRIGHT ROAD,"KEILOR PARK
VIC",3042,AUSTRALIA,'AT251680003000010284767'
14/06/2025,15/06/2025,PAYPAL *PYPL PAYIN4     1800073263,46.20,,,,,PAYPAL *PYPL PAYIN4     1800073263,1 YORK STREET,"SYDNEY
NSW",2000,AUSTRALIA,'AT251660003000010294338'
12/06/2025,13/06/2025,PAYPAL *EBAY AU         4029357733,15.49,,,,,PAYPAL *EBAY AU         4029357733,"1 SYDNEY YORK STREET
LEVEL 18","SYDNEY
NSW",2000,AUSTRALIA,'AT251640004000010318866'
10/06/2025,10/06/2025,AMAZON MARKETPLACE AU   SYDNEY SOUTH,11.00,,,,,AMAZON MARKETPLACE AU   SYDNEY SOUTH,"2 PARK STREET
LEVEL 37","SYDNEY
NSW",2000,AUSTRALIA,'AT251610010000010017250'
09/06/2025,09/06/2025,AMAZON MARKETPLACE AU   SYDNEY SOUTH,0.05,,,,,AMAZON MARKETPLACE AU   SYDNEY SOUTH,"2 PARK STREET
LEVEL 37","SYDNEY
NSW",2000,AUSTRALIA,'AT251600009000010034219'
09/06/2025,12/06/2025,PAYPAL *HANESAUSTRA 537 0388621400,18.98,,,,,PAYPAL *HANESAUSTRA 537 0388621400,115 COTHAM ROAD,"KEW
VIC",3101,AUSTRALIA,'AT251630006000010294153'
08/06/2025,09/06/2025,PAYPAL *EBAY AU         4029357733,4.95,,,,,PAYPAL *EBAY AU         4029357733,"1 SYDNEY YORK STREET
LEVEL 18","SYDNEY
NSW",2000,AUSTRALIA,'AT251600004000010266364'
08/06/2025,09/06/2025,PAYPAL *EBAY AU         4029357733,6.50,,,,,PAYPAL *EBAY AU         4029357733,"1 SYDNEY YORK STREET
LEVEL 18","SYDNEY
NSW",2000,AUSTRALIA,'AT251600004000010266373'
08/06/2025,09/06/2025,PAYPAL *EBAY AU         4029357733,6.99,,,,,PAYPAL *EBAY AU         4029357733,"1 SYDNEY YORK STREET
LEVEL 18","SYDNEY
NSW",2000,AUSTRALIA,'AT251600004000010266363'
08/06/2025,09/06/2025,PAYPAL *EBAY AU         4029357733,7.40,,,,,PAYPAL *EBAY AU         4029357733,"1 SYDNEY YORK STREET
LEVEL 18","SYDNEY
NSW",2000,AUSTRALIA,'AT251600004000010266313'
08/06/2025,09/06/2025,PAYPAL *EBAY AU         4029357733,7.48,,,,,PAYPAL *EBAY AU         4029357733,"1 SYDNEY YORK STREET
LEVEL 18","SYDNEY
NSW",2000,AUSTRALIA,'AT251600004000010266355'
08/06/2025,09/06/2025,PAYPAL *EBAY AU         4029357733,7.95,,,,,PAYPAL *EBAY AU         4029357733,"1 SYDNEY YORK STREET
LEVEL 18","SYDNEY
NSW",2000,AUSTRALIA,'AT251600004000010266379'
08/06/2025,09/06/2025,PAYPAL *EBAY AU         4029357733,11.99,,,,,PAYPAL *EBAY AU         4029357733,"1 SYDNEY YORK STREET
LEVEL 18","SYDNEY
NSW",2000,AUSTRALIA,'AT251600004000010266302'
07/06/2025,08/06/2025,PAYPAL *PYPL PAYIN4     1800073263,23.97,,,,,PAYPAL *PYPL PAYIN4     1800073263,1 YORK STREET,"SYDNEY
NSW",2000,AUSTRALIA,'AT251590004000010300913'
06/06/2025,08/06/2025,PAYPAL *PYPL PAYIN4     1800073263,4.75,,,,,PAYPAL *PYPL PAYIN4     1800073263,1 YORK STREET,"SYDNEY
NSW",2000,AUSTRALIA,'AT251590004000010301415'
05/06/2025,06/06/2025,SP SHOE ME 769          ULTIMO,116.05,,,,,SP SHOE ME 769          ULTIMO,444 JONES STREET A039,"ULTIMO
NSW",2007,AUSTRALIA,'AT251570003000010296405'
03/06/2025,04/06/2025,PAYPAL *PYPL PAYIN4     1800073263,17.00,,,,,PAYPAL *PYPL PAYIN4     1800073263,1 YORK STREET,"SYDNEY
NSW",2000,AUSTRALIA,'AT251550004000010282809'
02/06/2025,04/06/2025,PAYPAL *HUMANITIX CHURC 0272026035,129.58,,,,,PAYPAL *HUMANITIX CHURC 0272026035,"1 5 HICKSON ROAD
LEVEL 1","THE ROCKS
NSW",2000,AUSTRALIA,'AT251550004000010284791'
01/06/2025,03/06/2025,PAYPAL *KMARTAUSTRA     4029357733,22.25,,,,,PAYPAL *KMARTAUSTRA     4029357733,"690 SPRINGVALE ROAD
LEVEL 3","MULGRAVE
VIC",3170,AUSTRALIA,'AT251540003000010276742'
01/06/2025,02/06/2025,TANGERINE TELECOM 80389 LEVEL 6 132-136,26.36,,,,,TANGERINE TELECOM 80389 LEVEL 6 132-136,"LEVEL 6
132-136 ALBERT RD","SOUTH MELBOURNE
VIC",3205,AUSTRALIA,'AT251530004000010325674'
31/05/2025,02/06/2025,PAYPAL *PYPL PAYIN4     1800073263,4.50,,,,,PAYPAL *PYPL PAYIN4     1800073263,1 YORK STREET,"SYDNEY
NSW",2000,AUSTRALIA,'AT251530004000010306068'
31/05/2025,02/06/2025,PAYPAL *PYPL PAYIN4     1800073263,72.88,,,,,PAYPAL *PYPL PAYIN4     1800073263,1 YORK STREET,"SYDNEY
NSW",2000,AUSTRALIA,'AT251530004000010307271'
30/05/2025,01/06/2025,PAYPAL *KMARTAUSTRA     4029357733,38.00,,,,,PAYPAL *KMARTAUSTRA     4029357733,"690 SPRINGVALE ROAD
LEVEL 3","MULGRAVE
VIC",3170,AUSTRALIA,'AT251520004000010287980'
29/05/2025,31/05/2025,AMAZON MARKETPLACE AU   SYDNEY SOUTH,37.49,,,,,AMAZON MARKETPLACE AU   SYDNEY SOUTH,"2 PARK STREET
LEVEL 37","SYDNEY
NSW",2000,AUSTRALIA,'AT251510004000010293636'
26/05/2025,27/05/2025,SP BILLY BUBBLES        FITZROY,55.00,,,,,SP BILLY BUBBLES        FITZROY,50 WEBB STREET,"FITZROY
VIC",3065,AUSTRALIA,'AT251470004000010262132'
26/05/2025,27/05/2025,SP LOVISA AUSTRALIA     HAWTHORN,24.04,,,,,SP LOVISA AUSTRALIA     HAWTHORN,818 GLENFERRIE ROAD,"HAWTHORN
VIC",3122,AUSTRALIA,'AT251470004000010284324'
25/05/2025,27/05/2025,PAYPAL *WOOLWORTHSL     01800000610,7.72,,,,,PAYPAL *WOOLWORTHSL     01800000610,1 WOOLWORTHS WAY,"BELLA VISTA
NSW",2153,AUSTRALIA,'AT251470004000010294080'
24/05/2025,25/05/2025,PAYPAL *PYPL PAYIN4     1800073263,23.97,,,,,PAYPAL *PYPL PAYIN4     1800073263,1 YORK STREET,"SYDNEY
NSW",2000,AUSTRALIA,'AT251450004000010352512'
23/05/2025,24/05/2025,AMAZON MARKETPLACE AU   SYDNEY SOUTH,34.13,,,,,AMAZON MARKETPLACE AU   SYDNEY SOUTH,"2 PARK STREET
LEVEL 37","SYDNEY
NSW",2000,AUSTRALIA,'AT251440004000010278480'
23/05/2025,23/05/2025,JETSTAR AIRWAYS PTY LTD MELBOURNE,331.82,,,,,JETSTAR AIRWAYS PTY LTD MELBOURNE,SUBMISSION AUD,AUSTRALIA,0000,AUSTRALIA,'AT251430010000010029618'
22/05/2025,23/05/2025,AMAZON MARKETPLACE AU   SYDNEY SOUTH,7.84,,,,,AMAZON MARKETPLACE AU   SYDNEY SOUTH,"2 PARK STREET
LEVEL 37","SYDNEY
NSW",2000,AUSTRALIA,'AT251430010000010029200'
22/05/2025,23/05/2025,PAYPAL *KMARTAUSTRA     4029357733,-15.00,,,,,PAYPAL *KMARTAUSTRA     4029357733,"690 SPRINGVALE ROAD
LEVEL 3","MULGRAVE
VIC",3170,AUSTRALIA,'AT251430004000010268478'
20/05/2025,21/05/2025,JETSTAR                 MASCOT,262.26,,,,,JETSTAR                 MASCOT,"SYDNEY DOMESTIC
AIRPORT TERMINAL-T3 KINGSFORD SMITH DRIVE","MASCOT
NSW",2025,AUSTRALIA,'AT251410004000010300588'
20/05/2025,22/05/2025,PAYPAL *PYPL PAYIN4     1800073263,17.00,,,,,PAYPAL *PYPL PAYIN4     1800073263,1 YORK STREET,"SYDNEY
NSW",2000,AUSTRALIA,'AT251420003000010283887'
20/05/2025,22/05/2025,ROD LAVER ARENA ROD LAV MELBOURNE,54.90,,,,,ROD LAVER ARENA ROD LAV MELBOURNE,"MELBOURNE PARK
GATE J VIA ENTRANCE D
OLYMPIC BOULEVARD","MELBOURNE
VIC",3004,AUSTRALIA,'AT251420003000010283117'
20/05/2025,21/05/2025,WOOLWORTHS 3188 BRUNSWI BRUNSWICK,64.40,,,,,WOOLWORTHS 3188 BRUNSWI BRUNSWICK,300-304 ALBERT STREET,"BRUNSWICK
VIC",3056,AUSTRALIA,'AT251410004000010285283'
19/05/2025,20/05/2025,PAYPAL *ADOREBEAUTY     0393441671,42.36,,,,,PAYPAL *ADOREBEAUTY     0393441671,20 WRIGHT ROAD,"KEILOR PARK
VIC",3042,AUSTRALIA,'AT251400004000010281655'
17/05/2025,18/05/2025,SARAVANAA BHAVAN        MELBOURNE,5.56,,,,,SARAVANAA BHAVAN        MELBOURNE,131 KING ST,"MELBOURNE
VIC",3000,AUSTRALIA,'AT251380004000010329531'
17/05/2025,18/05/2025,SARAVANAA BHAVAN        MELBOURNE,19.09,,,,,SARAVANAA BHAVAN        MELBOURNE,131 KING ST,"MELBOURNE
VIC",3000,AUSTRALIA,'AT251380004000010329493'
17/05/2025,18/05/2025,SARAVANAA BHAVAN        MELBOURNE,20.91,,,,,SARAVANAA BHAVAN        MELBOURNE,131 KING ST,"MELBOURNE
VIC",3000,AUSTRALIA,'AT251380004000010329465'
17/05/2025,18/05/2025,SARAVANAA BHAVAN        MELBOURNE,107.57,,,,,SARAVANAA BHAVAN        MELBOURNE,131 KING ST,"MELBOURNE
VIC",3000,AUSTRALIA,'AT251380004000010329461'
16/05/2025,16/05/2025,AMAZON AU               SYDNEY SOUTH,4.90,,,,,AMAZON AU               SYDNEY SOUTH,"2 PARK STREET
LEVEL 37","SYDNEY
NSW",2000,AUSTRALIA,'AT251360010000010031212'
16/05/2025,17/05/2025,IKEA RICHMOND           RICHMOND,2.75,,,,,IKEA RICHMOND           RICHMOND,630 VICTORIA ST,"RICHMOND
VIC",3121,AUSTRALIA,'AT251370003000010323375'
16/05/2025,17/05/2025,MAMAO                   Melbourne,85.40,,,,,MAMAO                   Melbourne,338 QUEEN STREET,"MELBOURNE
VIC",3000,AUSTRALIA,'AT251370003000010337540'
15/05/2025,15/05/2025,AMAZON AU               SYDNEY SOUTH,48.50,,,,,AMAZON AU               SYDNEY SOUTH,"2 PARK STREET
LEVEL 37","SYDNEY
NSW",2000,AUSTRALIA,'AT251350010000010026943'
15/05/2025,15/05/2025,AMAZON MARKETPLACE AU   SYDNEY SOUTH,7.29,,,,,AMAZON MARKETPLACE AU   SYDNEY SOUTH,"2 PARK STREET
LEVEL 37","SYDNEY
NSW",2000,AUSTRALIA,'AT251350010000010026899'
15/05/2025,19/05/2025,AMAZON MARKETPLACE AU   SYDNEY SOUTH,20.49,,,,,AMAZON MARKETPLACE AU   SYDNEY SOUTH,"2 PARK STREET
LEVEL 37","SYDNEY
NSW",2000,AUSTRALIA,'AT251390004000010321470'
15/05/2025,16/05/2025,PAYPAL *KMARTAUSTRA     4029357733,146.00,,,,,PAYPAL *KMARTAUSTRA     4029357733,"690 SPRINGVALE ROAD
LEVEL 3","MULGRAVE
VIC",3170,AUSTRALIA,'AT251360004000010327986'
15/05/2025,15/05/2025,SP SCOOTER HUT          HELENSVALE,89.99,,,,,SP SCOOTER HUT          HELENSVALE,46 KINGSTON DRIVE,"HELENSVALE
QLD",4212,AUSTRALIA,'AT251350004000010278731'
11/05/2025,12/05/2025,WWW.UANDICREATIVE.CO    MANGO HILL,140.00,,,,,WWW.UANDICREATIVE.CO    MANGO HILL,26 JEPSON STREET,"MANGO HILL
QLD",4509,AUSTRALIA,'AT251320003000010340464'
10/05/2025,11/05/2025,AMAZON MARKETPLACE AU   SYDNEY SOUTH,7.30,,,,,AMAZON MARKETPLACE AU   SYDNEY SOUTH,"2 PARK STREET
LEVEL 37","SYDNEY
NSW",2000,AUSTRALIA,'AT251310010000010021333'
10/05/2025,10/05/2025,AMAZON MARKETPLACE AU   SYDNEY SOUTH,8.59,,,,,AMAZON MARKETPLACE AU   SYDNEY SOUTH,"2 PARK STREET
LEVEL 37","SYDNEY
NSW",2000,AUSTRALIA,'AT251300010000010036609'
10/05/2025,11/05/2025,AMAZON MARKETPLACE AU   SYDNEY SOUTH,21.39,,,,,AMAZON MARKETPLACE AU   SYDNEY SOUTH,"2 PARK STREET
LEVEL 37","SYDNEY
NSW",2000,AUSTRALIA,'AT251310004000010321637'
10/05/2025,11/05/2025,BIG W ONLINE            BELLA VISTA,-32.45,,,,,BIG W ONLINE            BELLA VISTA,1 WOOLWORTHS WAY,"BELLA VISTA
NSW",2153,AUSTRALIA,'AT251310004000010337088'
10/05/2025,11/05/2025,PAYPAL *PYPL PAYIN4     1800073263,23.97,,,,,PAYPAL *PYPL PAYIN4     1800073263,1 YORK STREET,"SYDNEY
NSW",2000,AUSTRALIA,'AT251310004000010314943'
10/05/2025,11/05/2025,THE TRUSTEE FOR TAI T 1 MARIBYRNONG,15.20,,,,,THE TRUSTEE FOR TAI T 1 MARIBYRNONG,"3 120 200 ROSAMOND ROAD
KIOSK 7327 LEVEL","MARIBYRNONG
VIC",3032,AUSTRALIA,'AT251310004000010333710'
08/05/2025,08/05/2025,AMAZON MARKETPLACE AU   SYDNEY SOUTH,27.97,,,,,AMAZON MARKETPLACE AU   SYDNEY SOUTH,"2 PARK STREET
LEVEL 37","SYDNEY
NSW",2000,AUSTRALIA,'AT251280010000010017845'
07/05/2025,07/05/2025,AMAZON MARKETPLACE AU   SYDNEY SOUTH,14.45,,,,,AMAZON MARKETPLACE AU   SYDNEY SOUTH,"2 PARK STREET
LEVEL 37","SYDNEY
NSW",2000,AUSTRALIA,'AT251270004000010285808'
07/05/2025,08/05/2025,POWERSHOPAUSTRALIA POWE MELBOURNE,1.00,,,,,POWERSHOPAUSTRALIA POWE MELBOURNE,"LEVEL 15
357 COLLINS ST","MELBOURNE
VIC",3000,AUSTRALIA,'AT251280010000010017607'
06/05/2025,07/05/2025,PAYPAL *PYPL PAYIN4     1800073263,30.50,,,,,PAYPAL *PYPL PAYIN4     1800073263,1 YORK STREET,"SYDNEY
NSW",2000,AUSTRALIA,'AT251270004000010267718'
06/05/2025,07/05/2025,WOOLWORTHS 3188 BRUNSWI BRUNSWICK,32.75,,,,,WOOLWORTHS 3188 BRUNSWI BRUNSWICK,300-304 ALBERT STREET,"BRUNSWICK
VIC",3056,AUSTRALIA,'AT251270004000010299380'
05/05/2025,06/05/2025,AMAZON MARKETPLACE AU   SYDNEY SOUTH,10.99,,,,,AMAZON MARKETPLACE AU   SYDNEY SOUTH,"2 PARK STREET
LEVEL 37","SYDNEY
NSW",2000,AUSTRALIA,'AT251260004000010275034'
05/05/2025,06/05/2025,AMAZON MARKETPLACE AU   SYDNEY SOUTH,41.79,,,,,AMAZON MARKETPLACE AU   SYDNEY SOUTH,"2 PARK STREET
LEVEL 37","SYDNEY
NSW",2000,AUSTRALIA,'AT251260004000010286596'
03/05/2025,03/05/2025,NEWS PTY LIMITED        SURRY HILLS,32.00,,,,,NEWS PTY LIMITED        SURRY HILLS,2 HOLT STREET,"SURRY HILLS
NSW",2010,AUSTRALIA,'AT251230004000010343812'
03/05/2025,05/05/2025,PAYPAL *SUNSHADESEY     0416333074,109.90,,,,,PAYPAL *SUNSHADESEY     0416333074,110 MCEVOY ST,"ALEXANDRIA
NSW",2015,AUSTRALIA,'AT251250004000010310485'
01/05/2025,02/05/2025,COLES SPENCER ST 559    DOCKLANDS,26.74,,,,,COLES SPENCER ST 559    DOCKLANDS,"SHOP 301 SPENCER OUTELT CENTRE
201 SPENCER STREET","MELBOURNE
VIC",3000,AUSTRALIA,'AT251220004000010321469'
01/05/2025,02/05/2025,TANGERINE TELECOM 80389 LEVEL 6 132-136,65.15,,,,,TANGERINE TELECOM 80389 LEVEL 6 132-136,"LEVEL 6
132-136 ALBERT RD","SOUTH MELBOURNE
VIC",3205,AUSTRALIA,'AT251220004000010317006'
30/04/2025,01/05/2025,AIRBNB * HMK2PXPF89     LONDON,169.70,,,,,AIRBNB * HMK2PXPF89     LONDON,LEVEL 4 60-64 RESERVOIR STREET,"""SURRY HILLS, NSW""
NSW",2010,AUSTRALIA,'AT251210003000010308067'
30/04/2025,30/04/2025,AMAZON AU               SYDNEY SOUTH,18.88,,,,,AMAZON AU               SYDNEY SOUTH,"2 PARK STREET
LEVEL 37","SYDNEY
NSW",2000,AUSTRALIA,'AT251200006000010026133'
30/04/2025,01/05/2025,AMAZON MARKETPLACE AU   SYDNEY SOUTH,10.99,,,,,AMAZON MARKETPLACE AU   SYDNEY SOUTH,"2 PARK STREET
LEVEL 37","SYDNEY
NSW",2000,AUSTRALIA,'AT251210010000010041771'
30/04/2025,01/05/2025,AMAZON MARKETPLACE AU   SYDNEY SOUTH,15.39,,,,,AMAZON MARKETPLACE AU   SYDNEY SOUTH,"2 PARK STREET
LEVEL 37","SYDNEY
NSW",2000,AUSTRALIA,'AT251210003000010299108'
30/04/2025,01/05/2025,AMAZON MARKETPLACE AU   SYDNEY SOUTH,48.11,,,,,AMAZON MARKETPLACE AU   SYDNEY SOUTH,"2 PARK STREET
LEVEL 37","SYDNEY
NSW",2000,AUSTRALIA,'AT251210003000010294752'
29/04/2025,30/04/2025,AIRBNB * HMK2PXPF89     LONDON,142.71,,,,,AIRBNB * HMK2PXPF89     LONDON,LEVEL 4 60-64 RESERVOIR STREET,"""SURRY HILLS, NSW""
NSW",2010,AUSTRALIA,'AT251200004000010259732'
29/04/2025,30/04/2025,IRE* 2APPLY             MILTON,29.95,,,,,IRE* 2APPLY             MILTON,"4 NORTH 339 CORONATION DRIVE
LEVEL","MILTON
QLD",4064,AUSTRALIA,'AT251200004000010290704'
29/04/2025,30/04/2025,REALESTATE.COM.AU       RICHMOND,29.00,,,,,REALESTATE.COM.AU       RICHMOND,511 CHURCH ST,"CREMORNE
VIC",3121,AUSTRALIA,'AT251200004000010283565'
28/04/2025,29/04/2025,PAYPAL *PYPL PAYIN4     1800073263,23.34,,,,,PAYPAL *PYPL PAYIN4     1800073263,1 YORK STREET,"SYDNEY
NSW",2000,AUSTRALIA,'AT251190004000010285554'
27/04/2025,28/04/2025,PAYPAL *PYPL PAYIN4     1800073263,23.97,,,,,PAYPAL *PYPL PAYIN4     1800073263,1 YORK STREET,"SYDNEY
NSW",2000,AUSTRALIA,'AT251180003000010294844'
26/04/2025,28/04/2025,WOOLWORTHS 3188 BRUNSWI BRUNSWICK,17.21,,,,,WOOLWORTHS 3188 BRUNSWI BRUNSWICK,300-304 ALBERT STREET,"BRUNSWICK
VIC",3056,AUSTRALIA,'AT251180003000010272085'
23/04/2025,24/04/2025,AMAZON MARKETPLACE AU   SYDNEY SOUTH,29.99,,,,,AMAZON MARKETPLACE AU   SYDNEY SOUTH,"2 PARK STREET
LEVEL 37","SYDNEY
NSW",2000,AUSTRALIA,'AT251140003000010320898'
22/04/2025,23/04/2025,PAYPAL *PYPL PAYIN4     1800073263,30.50,,,,,PAYPAL *PYPL PAYIN4     1800073263,1 YORK STREET,"SYDNEY
NSW",2000,AUSTRALIA,'AT251130004000010268417'
21/04/2025,24/04/2025,PAYPAL *COTTONAUSTR     0428481393,12.95,,,,,PAYPAL *COTTONAUSTR     0428481393,14 COURTH SHEPHERD,"NORTH GEELONG
VIC",3215,AUSTRALIA,'AT251140003000010352571'
21/04/2025,22/04/2025,WWW.UANDICREATIVE.CO    MANGO HILL,78.00,,,,,WWW.UANDICREATIVE.CO    MANGO HILL,26 JEPSON STREET,"MANGO HILL
QLD",4509,AUSTRALIA,'AT251120004000010222084'
20/04/2025,20/04/2025,AMAZON MARKETPLACE AU   SYDNEY SOUTH,38.09,,,,,AMAZON MARKETPLACE AU   SYDNEY SOUTH,"2 PARK STREET
LEVEL 37","SYDNEY
NSW",2000,AUSTRALIA,'AT251100010000010027890'
16/04/2025,16/04/2025,AMAZON MARKETPLACE AU   SYDNEY SOUTH,9.99,,,,,AMAZON MARKETPLACE AU   SYDNEY SOUTH,"2 PARK STREET
LEVEL 37","SYDNEY
NSW",2000,AUSTRALIA,'AT251060004000010288179'
16/04/2025,16/04/2025,AMAZON MARKETPLACE AU   SYDNEY SOUTH,19.33,,,,,AMAZON MARKETPLACE AU   SYDNEY SOUTH,"2 PARK STREET
LEVEL 37","SYDNEY
NSW",2000,AUSTRALIA,'AT251060004000010288177'
14/04/2025,15/04/2025,PAYPAL *PYPL PAYIN4     1800073263,23.34,,,,,PAYPAL *PYPL PAYIN4     1800073263,1 YORK STREET,"SYDNEY
NSW",2000,AUSTRALIA,'AT251050004000010295339'
10/04/2025,11/04/2025,DD *DOORDASH THAIGERRA  MELBOURNE,36.43,,,,,DD *DOORDASH THAIGERRA  MELBOURNE,401 COLLINS ST,"MELBOURNE
VIC",3000,AUSTRALIA,'AT251010003000010288425'
09/04/2025,09/04/2025,AMAZON MARKETPLACE AU   SYDNEY SOUTH,49.37,,,,,AMAZON MARKETPLACE AU   SYDNEY SOUTH,"2 PARK STREET
LEVEL 37","SYDNEY
NSW",2000,AUSTRALIA,'AT250990004000010170948'
08/04/2025,09/04/2025,AMAZON AU               SYDNEY SOUTH,8.99,,,,,AMAZON AU               SYDNEY SOUTH,"2 PARK STREET
LEVEL 37","SYDNEY
NSW",2000,AUSTRALIA,'AT250990004000010159922'
08/04/2025,09/04/2025,PAYPAL *PYPL PAYIN4     1800073263,30.50,,,,,PAYPAL *PYPL PAYIN4     1800073263,1 YORK STREET,"SYDNEY
NSW",2000,AUSTRALIA,'AT250990004000010173585'
05/04/2025,05/04/2025,LYKA PET FOOD           ALE,65.80,,,,,LYKA PET FOOD           ALE,"290 294 BOTANY ROAD
LEVEL 1","ALEXANDRIA
NSW",2015,AUSTRALIA,'AT250950010000010052335'
05/04/2025,05/04/2025,NEWS PTY LIMITED        SURRY HILLS,32.00,,,,,NEWS PTY LIMITED        SURRY HILLS,2 HOLT STREET,"SURRY HILLS
NSW",2010,AUSTRALIA,'AT250950003000010291449'
01/04/2025,01/04/2025,TANGERINE TELECOM 80389 LEVEL 6 132-136,65.15,,,,,TANGERINE TELECOM 80389 LEVEL 6 132-136,"LEVEL 6
132-136 ALBERT RD","SOUTH MELBOURNE
VIC",3205,AUSTRALIA,'AT250910010000010139497'
31/03/2025,01/04/2025,PAYPAL *PYPL PAYIN4     1800073263,23.34,,,,,PAYPAL *PYPL PAYIN4     1800073263,1 YORK STREET,"SYDNEY
NSW",2000,AUSTRALIA,'AT250910004000010225043'
30/03/2025,01/04/2025,PAYPAL *COTTONAUSTR     0428481393,75.46,,,,,PAYPAL *COTTONAUSTR     0428481393,14 COURTH SHEPHERD,"NORTH GEELONG
VIC",3215,AUSTRALIA,'AT250910004000010224501'
29/03/2025,31/03/2025,PAYPAL *NOMAD ESIM      4372233004,20.26,,,,,PAYPAL *NOMAD ESIM      4372233004,GLOBAL,4372233004,95054,UNITED STATES OF AMERICA (THE),'AT250900004000010287797'
25/03/2025,26/03/2025,PAYPAL *PYPL PAYIN4     1800073263,30.50,,,,,PAYPAL *PYPL PAYIN4     1800073263,1 YORK STREET,"SYDNEY
NSW",2000,AUSTRALIA,'AT250850004000010271429'
21/03/2025,21/03/2025,MUMBAI TRAVEL RETAIL    695024,81.52,"4,320.00 INR",2.37,,,MUMBAI TRAVEL RETAIL    695024,"TERMINAL 2 THIRUVANANTHAPURAM
INTERNATIONAL AIRPORT NITB CHACKA
THIRUVANANTHAPURAM","TRIVANDRUM
KL",695024,INDIA,'AT250800004000010315730'
19/03/2025,21/03/2025,PAYPAL *NOMAD ESIM      4372233004,15.03,,,,,PAYPAL *NOMAD ESIM      4372233004,GLOBAL,4372233004,95054,UNITED STATES OF AMERICA (THE),'AT250800004000010310335'
17/03/2025,19/03/2025,PAYPAL *PYPL PAYIN4     1800073263,23.34,,,,,PAYPAL *PYPL PAYIN4     1800073263,1 YORK STREET,"SYDNEY
NSW",2000,AUSTRALIA,'AT250780004000010177421'
15/03/2025,16/03/2025,AMAZON AU               SYDNEY SOUTH,10.86,,,,,AMAZON AU               SYDNEY SOUTH,"2 PARK STREET
LEVEL 37","SYDNEY
NSW",2000,AUSTRALIA,'AT250750003000010247826'
15/03/2025,15/03/2025,AMAZON MARKETPLACE AU   SYDNEY SOUTH,23.58,,,,,AMAZON MARKETPLACE AU   SYDNEY SOUTH,"2 PARK STREET
LEVEL 37","SYDNEY
NSW",2000,AUSTRALIA,'AT250740011000010133324'
14/03/2025,17/03/2025,AMAZON MARKETPLACE AU   SYDNEY SOUTH,12.03,,,,,AMAZON MARKETPLACE AU   SYDNEY SOUTH,"2 PARK STREET
LEVEL 37","SYDNEY
NSW",2000,AUSTRALIA,'AT250760004000010195103'
14/03/2025,14/03/2025,NEWS PTY LIMITED        SURRY HILLS,1.00,,,,,NEWS PTY LIMITED        SURRY HILLS,2 HOLT STREET,"SURRY HILLS
NSW",2010,AUSTRALIA,'AT250730004000010297971'
12/03/2025,15/03/2025,PAYPAL *HANESAUSTRA 536 0388621400,17.99,,,,,PAYPAL *HANESAUSTRA 536 0388621400,115 COTHAM ROAD,"KEW
VIC",3101,AUSTRALIA,'AT250740003000010273780'
10/03/2025,12/03/2025,PAYPAL *STATEBANKIN     2227535771,42.32,25.89 USD,1.23,,,PAYPAL *STATEBANKIN     2227535771,AGGREGATOR MODULE STATE BANK OF INDIA,"NAVI MUMBAI
MH",400064,INDIA,'AT250710004000010311315'
09/03/2025,10/03/2025,AMAZON MARKETPLACE AU   SYDNEY SOUTH,8.39,,,,,AMAZON MARKETPLACE AU   SYDNEY SOUTH,"2 PARK STREET
LEVEL 37","SYDNEY
NSW",2000,AUSTRALIA,'AT250690004000010267503'
09/03/2025,09/03/2025,AMAZON MARKETPLACE AU   SYDNEY SOUTH,15.99,,,,,AMAZON MARKETPLACE AU   SYDNEY SOUTH,"2 PARK STREET
LEVEL 37","SYDNEY
NSW",2000,AUSTRALIA,'AT250680008000010021837'
07/03/2025,08/03/2025,CHEMIST WAREHOUSE BRUNS BRUNSWICK,4.38,,,,,CHEMIST WAREHOUSE BRUNS BRUNSWICK,"429-433
SYDNEY ROAD","BRUNSWICK
VIC",3056,AUSTRALIA,'AT250670012000010205776'
06/03/2025,08/03/2025,AMAZON MARKETPLACE AU   SYDNEY SOUTH,-6.39,,,,,AMAZON MARKETPLACE AU   SYDNEY SOUTH,"2 PARK STREET
LEVEL 37","SYDNEY
NSW",2000,AUSTRALIA,'AT250670003000010127267'
06/03/2025,06/03/2025,AMAZON MARKETPLACE AU   SYDNEY SOUTH,10.98,,,,,AMAZON MARKETPLACE AU   SYDNEY SOUTH,"2 PARK STREET
LEVEL 37","SYDNEY
NSW",2000,AUSTRALIA,'AT250650013000010202231'
06/03/2025,06/03/2025,H&M AUSTRALIA AU0001    MELBOURNE,29.98,,,,,H&M AUSTRALIA AU0001    MELBOURNE,350 BOURKE STREET,"MELBOURNE
VIC",3000,AUSTRALIA,'AT250650013000010185403'
06/03/2025,06/03/2025,LOVISA 2014 MELB CENTRA MELBOURNE,20.00,,,,,LOVISA 2014 MELB CENTRA MELBOURNE,"LEVEL G
MELBOURNE CENTRAL
CNR LATROBE SWANSTON STREET","MELBOURNE
VIC",3000,AUSTRALIA,'AT250650013000010195771'
06/03/2025,06/03/2025,PARKDALE PHARMACY       PARKDALE,23.99,,,,,PARKDALE PHARMACY       PARKDALE,270 COMO PARADE WEST,"PARKDALE
VIC",3195,AUSTRALIA,'AT250650013000010192113'
06/03/2025,07/03/2025,THE GEORGE ON COLLINS   MELBOURNE,53.26,,,,,THE GEORGE ON COLLINS   MELBOURNE,168 COLLINS ST,"MELBOURNE
VIC",3000,AUSTRALIA,'AT250660003000010139405'
06/03/2025,06/03/2025,UNIQLO AUSTRALIA PTY LT MELBOURNE,60.10,,,,,UNIQLO AUSTRALIA PTY LT MELBOURNE,"SHOP 0-001 EMPORIUM MELBOURNE
287 LONSDALE STREET","MELBOURNE
VIC",3000,AUSTRALIA,'AT250650013000010173522'
03/03/2025,04/03/2025,FIRST TABLE             WADALBA,12.00,,,,,FIRST TABLE             WADALBA,5 QUARTERHORSE PARADE,"WADALBA
NSW",2259,AUSTRALIA,'AT250630003000010125614'
01/03/2025,01/03/2025,TANGERINE TELECOM 80389 LEVEL 6 132-136,53.58,,,,,TANGERINE TELECOM 80389 LEVEL 6 132-136,"LEVEL 6
132-136 ALBERT RD","SOUTH MELBOURNE
VIC",3205,AUSTRALIA,'AT250600011000010267089'
28/02/2025,01/03/2025,NEIGHBOURHOOD CLINIC    FITZROY NORTH,225.00,,,,,NEIGHBOURHOOD CLINIC    FITZROY NORTH,329 STREET GEORGES ROAD,"FITZROY NORTH
VIC",3068,AUSTRALIA,'AT250600004000010163330'
27/02/2025,01/03/2025,PAYPAL *SPOTIFY         02031025243,13.99,,,,,PAYPAL *SPOTIFY         02031025243,103 NEW OXFORD,"02031025243
ENG",WC1,UNITED KINGDOM OF GB AND NI,'AT250600004000010165276'
25/02/2025,25/02/2025,BITE* BBSOUTH MELBOURN  SANCROX,60.20,,,,,BITE* BBSOUTH MELBOURN  SANCROX,58 MENTMORE AVENUE,"ROSEBERY
NSW",2018,AUSTRALIA,'AT250560013000010190762'
25/02/2025,27/02/2025,PAYPAL *EBAY AU         4029357733,7.95,,,,,PAYPAL *EBAY AU         4029357733,"1 SYDNEY YORK STREET
LEVEL 18","SYDNEY
NSW",2000,AUSTRALIA,'AT250580004000010138260'
25/02/2025,27/02/2025,PAYPAL *JB HI-FI        0385307330,2.94,,,,,PAYPAL *JB HI-FI        0385307330,60 CITY ROAD,"SOUTHBANK
VIC",3006,AUSTRALIA,'AT250580004000010139087'
24/02/2025,26/02/2025,PAYPAL *UBEREATS AU     0407111111,34.28,,,,,PAYPAL *UBEREATS AU     0407111111,580 GEORGE STREET,"SYDNEY
NSW",2000,AUSTRALIA,'AT250570004000010129005'
23/02/2025,25/02/2025,PAYPAL *UBER AU         4155184061,18.35,,,,,PAYPAL *UBER AU         4155184061,580 GEORGE ST,"SYDNEY
NSW",2000,AUSTRALIA,'AT250560003000010120425'
22/02/2025,23/02/2025,AMAZON MARKETPLACE AU   SYDNEY SOUTH,11.04,,,,,AMAZON MARKETPLACE AU   SYDNEY SOUTH,"2 PARK STREET
LEVEL 37","SYDNEY
NSW",2000,AUSTRALIA,'AT250540004000010142637'
22/02/2025,23/02/2025,PAYPAL *CHEMISTWH       0403620213,-49.46,,,,,PAYPAL *CHEMISTWH       0403620213,"31806 SANDGATE ROAD
3","VIRGINIA
QLD",4014,AUSTRALIA,'AT250540004000010144684'
22/02/2025,23/02/2025,PAYPAL *PYPL PAYIN4     1800073263,10.00,,,,,PAYPAL *PYPL PAYIN4     1800073263,1 YORK STREET,"SYDNEY
NSW",2000,AUSTRALIA,'AT250540004000010146769'
22/02/2025,24/02/2025,PAYPAL *UBER AU         4155184061,21.52,,,,,PAYPAL *UBER AU         4155184061,580 GEORGE ST,"SYDNEY
NSW",2000,AUSTRALIA,'AT250550003000010131707'
21/02/2025,23/02/2025,PAYPAL *BUNNINGSGRO     0438657911,16.95,,,,,PAYPAL *BUNNINGSGRO     0438657911,239-267 RUTHVEN STREET,"TOOWOOMBA
QLD",4350,AUSTRALIA,'AT250540004000010148387'
21/02/2025,24/02/2025,PAYPAL *OFFICEWORKS     01300633423,2.20,,,,,PAYPAL *OFFICEWORKS     01300633423,"C DB SOUTH
OFFICEWORKS DISTRIBUTION CENTRE","REDBANK
VIC",4031,AUSTRALIA,'AT250550003000010132861'
20/02/2025,21/02/2025,BIG W ONLINE            BELLA VISTA,32.45,,,,,BIG W ONLINE            BELLA VISTA,1 WOOLWORTHS WAY,"BELLA VISTA
NSW",2153,AUSTRALIA,'AT250520014000010191691'
20/02/2025,21/02/2025,FRESHA                  CABARITA,11.00,,,,,FRESHA                  CABARITA,346 LEVEL 3 KENT STREET,"SYDNEY
NSW",2000,AUSTRALIA,'AT250520004000010150602'
20/02/2025,21/02/2025,NEIGHBOURHOOD CLINIC    FITZROY NORTH,225.00,,,,,NEIGHBOURHOOD CLINIC    FITZROY NORTH,329 STREET GEORGES ROAD,"FITZROY NORTH
VIC",3068,AUSTRALIA,'AT250520004000010152948'
19/02/2025,21/02/2025,AMAZON MARKETPLACE AU   SYDNEY SOUTH,-11.59,,,,,AMAZON MARKETPLACE AU   SYDNEY SOUTH,"2 PARK STREET
LEVEL 37","SYDNEY
NSW",2000,AUSTRALIA,'AT250520004000010145675'
14/02/2025,16/02/2025,PAYPAL *BIG W           01300244999,178.00,,,,,PAYPAL *BIG W           01300244999,BATHURST CORNER OF BENTINCK STREET,"BATHURST
NSW",2795,AUSTRALIA,'AT250470003000010136838'
14/02/2025,15/02/2025,PAYPAL *OZSALEPTYLI     4029357733,166.69,,,,,PAYPAL *OZSALEPTYLI     4029357733,2 64 BALMAIN STREET,"CREMORNE
NSW",3121,AUSTRALIA,'AT250460003000010141660'
10/02/2025,11/02/2025,PAYPAL *PYPL PAYIN4     1800073263,32.55,,,,,PAYPAL *PYPL PAYIN4     1800073263,1 YORK STREET,"SYDNEY
NSW",2000,AUSTRALIA,'AT250420004000010268171'
09/02/2025,09/02/2025,AMAZON MARKETPLACE AU   SYDNEY SOUTH,30.38,,,,,AMAZON MARKETPLACE AU   SYDNEY SOUTH,"2 PARK STREET
LEVEL 37","SYDNEY
NSW",2000,AUSTRALIA,'AT250400004000010163678'
08/02/2025,10/02/2025,AMAZON MARKETPLACE AU   SYDNEY SOUTH,24.95,,,,,AMAZON MARKETPLACE AU   SYDNEY SOUTH,"2 PARK STREET
LEVEL 37","SYDNEY
NSW",2000,AUSTRALIA,'AT250410013000010036914'
08/02/2025,09/02/2025,AMAZON MARKETPLACE AU   SYDNEY SOUTH,26.98,,,,,AMAZON MARKETPLACE AU   SYDNEY SOUTH,"2 PARK STREET
LEVEL 37","SYDNEY
NSW",2000,AUSTRALIA,'AT250400004000010176989'
08/02/2025,09/02/2025,PAYPAL *PYPL PAYIN4     1800073263,10.00,,,,,PAYPAL *PYPL PAYIN4     1800073263,1 YORK STREET,"SYDNEY
NSW",2000,AUSTRALIA,'AT250400004000010150039'
07/02/2025,10/02/2025,PAYPAL *HOUSECARBER     4029357733,24.17,,,,,PAYPAL *HOUSECARBER     4029357733,UNIT 1 55 HOWAR,4029357733,406,AUSTRALIA,'AT250410004000010118770'
07/02/2025,10/02/2025,PAYPAL *IKEA AU 8379.21 0280206641,55.00,,,,,PAYPAL *IKEA AU 8379.21 0280206641,630 PRINCES HIGHWAY,"TEMPE
NSW",2044,AUSTRALIA,'AT250410004000010119577'
04/02/2025,05/02/2025,ORIGIN ENERGY           MELBOURNE,83.99,,,,,ORIGIN ENERGY           MELBOURNE,"321 EXHIBITION STREET
MELBOURNE","MELBOURNE
VIC",3000,AUSTRALIA,'AT250360014000010206749'
04/02/2025,05/02/2025,PAYPAL *EBAY AU         4029357733,11.52,,,,,PAYPAL *EBAY AU         4029357733,"1 SYDNEY YORK STREET
LEVEL 18","SYDNEY
NSW",2000,AUSTRALIA,'AT250360004000010165239'
04/02/2025,05/02/2025,PAYPAL *EBAY AU         4029357733,14.98,,,,,PAYPAL *EBAY AU         4029357733,"1 SYDNEY YORK STREET
LEVEL 18","SYDNEY
NSW",2000,AUSTRALIA,'AT250360004000010165299'
03/02/2025,03/02/2025,AMAZON AU               SYDNEY SOUTH,8.00,,,,,AMAZON AU               SYDNEY SOUTH,"2 PARK STREET
LEVEL 37","SYDNEY
NSW",2000,AUSTRALIA,'AT250340013000010184039'
03/02/2025,03/02/2025,AMAZON MARKETPLACE AU   SYDNEY SOUTH,6.39,,,,,AMAZON MARKETPLACE AU   SYDNEY SOUTH,"2 PARK STREET
LEVEL 37","SYDNEY
NSW",2000,AUSTRALIA,'AT250340013000010184743'
03/02/2025,03/02/2025,AMAZON MARKETPLACE AU   SYDNEY SOUTH,9.83,,,,,AMAZON MARKETPLACE AU   SYDNEY SOUTH,"2 PARK STREET
LEVEL 37","SYDNEY
NSW",2000,AUSTRALIA,'AT250340013000010184136'
03/02/2025,03/02/2025,AMAZON MARKETPLACE AU   SYDNEY SOUTH,18.58,,,,,AMAZON MARKETPLACE AU   SYDNEY SOUTH,"2 PARK STREET
LEVEL 37","SYDNEY
NSW",2000,AUSTRALIA,'AT250340013000010184093'
03/02/2025,03/02/2025,AMAZON MARKETPLACE AU   SYDNEY SOUTH,20.09,,,,,AMAZON MARKETPLACE AU   SYDNEY SOUTH,"2 PARK STREET
LEVEL 37","SYDNEY
NSW",2000,AUSTRALIA,'AT250340004000010194332'
01/02/2025,04/02/2025,PAYPAL *CHEMISTWH       0403620213,49.46,,,,,PAYPAL *CHEMISTWH       0403620213,"31806 SANDGATE ROAD
3","VIRGINIA
QLD",4014,AUSTRALIA,'AT250350004000010121640'
31/01/2025,01/02/2025,AMAZON MARKETPLACE AU   SYDNEY SOUTH,13.99,,,,,AMAZON MARKETPLACE AU   SYDNEY SOUTH,"2 PARK STREET
LEVEL 37","SYDNEY
NSW",2000,AUSTRALIA,'AT250320004000010293267'
30/01/2025,30/01/2025,PRIMEVIDEO              SYDNEY,6.99,,,,,PRIMEVIDEO              SYDNEY,2 PARK STREET L37,"SYDNEY
NSW",2000,AUSTRALIA,'AT250300003000010124247'
27/01/2025,28/01/2025,PAYPAL *PYPL PAYIN4     1800073263,32.56,,,,,PAYPAL *PYPL PAYIN4     1800073263,1 YORK STREET,"SYDNEY
NSW",2000,AUSTRALIA,'AT250280003000010110445'
25/01/2025,27/01/2025,PAYPAL *KMARTAUSTRA     0399023028,-10.00,,,,,PAYPAL *KMARTAUSTRA     0399023028,"690 SPRINGVALE ROAD
LEVEL 3","MULGRAVE
VIC",3170,AUSTRALIA,'AT250270004000010131492'
25/01/2025,26/01/2025,PAYPAL *PYPL PAYIN4     1800073263,10.00,,,,,PAYPAL *PYPL PAYIN4     1800073263,1 YORK STREET,"SYDNEY
NSW",2000,AUSTRALIA,'AT250260004000010167217'
24/01/2025,28/01/2025,AMAZON AU               SYDNEY SOUTH,8.95,,,,,AMAZON AU               SYDNEY SOUTH,"2 PARK STREET
LEVEL 37","SYDNEY
NSW",2000,AUSTRALIA,'AT250280003000010115915'
24/01/2025,25/01/2025,AMAZON MARKETPLACE AU   SYDNEY SOUTH,48.64,,,,,AMAZON MARKETPLACE AU   SYDNEY SOUTH,"2 PARK STREET
LEVEL 37","SYDNEY
NSW",2000,AUSTRALIA,'AT250250003000010141023'
24/01/2025,24/01/2025,WOOLWORTHS 3188 BRUNSWI BRUNSWICK,60.25,,,,,WOOLWORTHS 3188 BRUNSWI BRUNSWICK,300-304 ALBERT STREET,"BRUNSWICK
VIC",3056,AUSTRALIA,'AT250240013000010227597'
23/01/2025,24/01/2025,AMAZON MARKETPLACE AU   SYDNEY SOUTH,11.59,,,,,AMAZON MARKETPLACE AU   SYDNEY SOUTH,"2 PARK STREET
LEVEL 37","SYDNEY
NSW",2000,AUSTRALIA,'AT250240003000010323575'
22/01/2025,22/01/2025,AMAZON AU               SYDNEY SOUTH,10.33,,,,,AMAZON AU               SYDNEY SOUTH,"2 PARK STREET
LEVEL 37","SYDNEY
NSW",2000,AUSTRALIA,'AT250220013000010193497'
22/01/2025,23/01/2025,AMAZON MARKETPLACE AU   SYDNEY SOUTH,15.95,,,,,AMAZON MARKETPLACE AU   SYDNEY SOUTH,"2 PARK STREET
LEVEL 37","SYDNEY
NSW",2000,AUSTRALIA,'AT250230004000010137109'
22/01/2025,24/01/2025,PAYPAL *KMARTAUSTRA     0399023028,-3.00,,,,,PAYPAL *KMARTAUSTRA     0399023028,"690 SPRINGVALE ROAD
LEVEL 3","MULGRAVE
VIC",3170,AUSTRALIA,'AT250240003000010365625'
22/01/2025,22/01/2025,WOOLWORTHS 3188 BRUNSWI BRUNSWICK,29.30,,,,,WOOLWORTHS 3188 BRUNSWI BRUNSWICK,300-304 ALBERT STREET,"BRUNSWICK
VIC",3056,AUSTRALIA,'AT250220013000010183196'
19/01/2025,21/01/2025,PAYPAL *THE ICONIC 7340 01300668345,-34.95,,,,,PAYPAL *THE ICONIC 7340 01300668345,338 PITT ST,"SYDNEY
NSW",2000,AUSTRALIA,'AT250210003000010133955'
18/01/2025,21/01/2025,PAYPAL *OFFICEWORKS     01300633423,28.80,,,,,PAYPAL *OFFICEWORKS     01300633423,"C DB SOUTH
OFFICEWORKS DISTRIBUTION CENTRE","REDBANK
VIC",4031,AUSTRALIA,'AT250210003000010134510'
17/01/2025,17/01/2025,LYKA PET FOOD           ALE,131.60,,,,,LYKA PET FOOD           ALE,"290 294 BOTANY ROAD
LEVEL 1","ALEXANDRIA
NSW",2015,AUSTRALIA,'AT250170003000010138436'
16/01/2025,18/01/2025,PAYPAL *KMARTAUSTRA     0399023028,-20.00,,,,,PAYPAL *KMARTAUSTRA     0399023028,"690 SPRINGVALE ROAD
LEVEL 3","MULGRAVE
VIC",3170,AUSTRALIA,'AT250180004000010145291'
15/01/2025,17/01/2025,PAYPAL *KMARTAUSTRA     0399023028,-31.00,,,,,PAYPAL *KMARTAUSTRA     0399023028,"690 SPRINGVALE ROAD
LEVEL 3","MULGRAVE
VIC",3170,AUSTRALIA,'AT250170003000010127070'
15/01/2025,17/01/2025,PAYPAL *KMARTAUSTRA     0399023028,-6.00,,,,,PAYPAL *KMARTAUSTRA     0399023028,"690 SPRINGVALE ROAD
LEVEL 3","MULGRAVE
VIC",3170,AUSTRALIA,'AT250170003000010126530'
15/01/2025,17/01/2025,PAYPAL *KMARTAUSTRA     0399023028,44.50,,,,,PAYPAL *KMARTAUSTRA     0399023028,"690 SPRINGVALE ROAD
LEVEL 3","MULGRAVE
VIC",3170,AUSTRALIA,'AT250170003000010126563'
15/01/2025,16/01/2025,PAYPAL *KMARTAUSTRA     0399023028,73.50,,,,,PAYPAL *KMARTAUSTRA     0399023028,"690 SPRINGVALE ROAD
LEVEL 3","MULGRAVE
VIC",3170,AUSTRALIA,'AT250160003000010319082'
13/01/2025,13/01/2025,AP BRUNSWICK LPO        BRUNSWICK,1.50,,,,,AP BRUNSWICK LPO        BRUNSWICK,415 SYDNEY ROAD,"BRUNSWICK
VIC",3056,AUSTRALIA,'AT250130014000010211794'
13/01/2025,14/01/2025,PAYPAL *PYPL PAYIN4     1800073263,32.56,,,,,PAYPAL *PYPL PAYIN4     1800073263,1 YORK STREET,"SYDNEY
NSW",2000,AUSTRALIA,'AT250140003000010117874'
13/01/2025,13/01/2025,TANGERINE TELECOM 80389 LEVEL 6 132-136,75.95,,,,,TANGERINE TELECOM 80389 LEVEL 6 132-136,"LEVEL 6
132-136 ALBERT RD","SOUTH MELBOURNE
VIC",3205,AUSTRALIA,'AT250130014000010178963'
12/01/2025,12/01/2025,AMAZON MARKETPLACE AU   SYDNEY SOUTH,13.99,,,,,AMAZON MARKETPLACE AU   SYDNEY SOUTH,"2 PARK STREET
LEVEL 37","SYDNEY
NSW",2000,AUSTRALIA,'AT250120012000010219333'
11/01/2025,11/01/2025,AMAZON MARKETPLACE AU   SYDNEY SOUTH,25.82,,,,,AMAZON MARKETPLACE AU   SYDNEY SOUTH,"2 PARK STREET
LEVEL 37","SYDNEY
NSW",2000,AUSTRALIA,'AT250110011000010216401'
11/01/2025,13/01/2025,AMAZON MARKETPLACE AU   SYDNEY SOUTH,31.85,,,,,AMAZON MARKETPLACE AU   SYDNEY SOUTH,"2 PARK STREET
LEVEL 37","SYDNEY
NSW",2000,AUSTRALIA,'AT250130004000010134024'
11/01/2025,14/01/2025,PAYPAL *MYERPTYLTD      0136937,14.92,,,,,PAYPAL *MYERPTYLTD      0136937,"1000 LA TROBE STREET
LEVEL 7","DOCKLANDS
VIC",3008,AUSTRALIA,'AT250140003000010117530'
11/01/2025,13/01/2025,PAYPAL *PYPL PAYIN4     1800073263,10.00,,,,,PAYPAL *PYPL PAYIN4     1800073263,1 YORK STREET,"SYDNEY
NSW",2000,AUSTRALIA,'AT250130004000010128530'
11/01/2025,12/01/2025,PAYPAL *PYPL PAYIN4     1800073263,37.93,,,,,PAYPAL *PYPL PAYIN4     1800073263,1 YORK STREET,"SYDNEY
NSW",2000,AUSTRALIA,'AT250120004000010122309'
06/01/2025,07/01/2025,AMAZON MARKETPLACE AU   SYDNEY SOUTH,14.57,,,,,AMAZON MARKETPLACE AU   SYDNEY SOUTH,"2 PARK STREET
LEVEL 37","SYDNEY
NSW",2000,AUSTRALIA,'AT250070013000010179394'
06/01/2025,07/01/2025,PAYPAL *EBAY AU         4029357733,9.93,,,,,PAYPAL *EBAY AU         4029357733,"1 SYDNEY YORK STREET
LEVEL 18","SYDNEY
NSW",2000,AUSTRALIA,'AT250070003000010132387'
05/01/2025,08/01/2025,PAYPAL *OFFICEWORKS     01300633423,4.20,,,,,PAYPAL *OFFICEWORKS     01300633423,"C DB SOUTH
OFFICEWORKS DISTRIBUTION CENTRE","REDBANK
VIC",4031,AUSTRALIA,'AT250080003000010128655'
02/01/2025,04/01/2025,PAYPAL *KMARTAUSTRA     0399023028,20.00,,,,,PAYPAL *KMARTAUSTRA     0399023028,"690 SPRINGVALE ROAD
LEVEL 3","MULGRAVE
VIC",3170,AUSTRALIA,'AT250040004000010142264'
02/01/2025,03/01/2025,"TODAYTIX AUSTRALIA PTY, SYDNEY",50.00,,,,,"TODAYTIX AUSTRALIA PTY, SYDNEY","88 PHILLIP STREET
LEVEL 7","SYDNEY
NSW",2000,AUSTRALIA,'AT250030003000010137124'
01/01/2025,03/01/2025,PAYPAL *NAKEDVICEPT     0433801147,40.00,,,,,PAYPAL *NAKEDVICEPT     0433801147,289 JOHNSTON ST,"ABBOTSFORD
VIC",3067,AUSTRALIA,'AT250030003000010145131'